Dia;Mes;Ano;FullName;TweetText;Link(s);Media;Retweets;Favorites;Followers;Follows;Listed
23;5;2019;Jair M. Bolsonaro;- LIVE DE 23 DE MAIO DE 2019: daqui a pouco, às 19h, espero vocês para mais uma live semanal transmitida pelo nosso Facebook. Até já!;;;1035;6131;4307541;346;4413
23;5;2019;Jair M. Bolsonaro;GRANDE DIA! A Fiat-Chrysler anunciou que irá investir R$ 16 bilhões no Brasil até 2024, o maior ciclo de investimento da história da empresa em nosso país. A estimativa é de 16 mil novos empregos diretos e indiretos. Estamos resgatando a confiança de quem produz! 👍;;;3698;19248;4305961;346;4414
23;5;2019;Jair M. Bolsonaro;Na reunião ministerial da OCDE que ocorre hoje em Paris, os EUA reafirmaram seu apoio ao ingresso do Brasil na organização. Atualmente, todos os 36 membros da OCDE apoiam a nossa entrada, fruto da confiança no novo Brasil que estamos construindo, mais livre, aberto e justo. 👍;;;1625;9083;4305601;346;4413
23;5;2019;Jair M. Bolsonaro;Aeroporto de Cascavel rumo a Capanema/PR.;;;559;3515;4304908;346;4405
22;5;2019;Jair M. Bolsonaro;Estive há pouco na cerimônia do 71° aniversário do Estado de Israel. Nunca nossos laços de amizade e cooperação estiveram tão fortes. Shalom. 🇧🇷🇮🇱 - com Embaixador de Israel no Brasil, Yossi Shelley.;;;741;5657;4300828;347;4406
22;5;2019;Jair M. Bolsonaro;Aprovada no Senado a MP que libera capital estrangeiro em companhias aéreas brasileiras. Ganha a nossa ecomomia e nossa população com os efeitos da competitividade e do livre mercado: melhores serviços e menores preços. Parabéns a todos que trabalharam na aprovação desta medida!;;;661;4357;4300315;347;4408
22;5;2019;Jair M. Bolsonaro;Aprovada ontem, na Câmara, a MP 863, que abre o setor aéreo brasileiro aos investidores estrangeiros. Na prática aumentam os trechos disponíveis, a competitividade, melhoram os serviços e caem os preços. Vai para o Senado e já pode ser votada hoje. 👍🏻;;;1354;9168;4295274;347;4408
21;5;2019;Jair M. Bolsonaro;Quanto aos atos do dia 26, vejo como uma manifestação espontânea da população, que de forma inédita vem sendo a voz principal para as decisões políticas que o Brasil deve tomar.;;;2927;17607;4293120;347;4407
21;5;2019;Jair M. Bolsonaro;O Ministro da Saúde encontrou o estoque de remédios para doenças raras e transplantados zerados no início de janeiro. Gasto anual com esses medicamentos é próximo de R$ 15 bilhões. Licitação para recomposição do estoque e distribuição aos pacientes deve ser normalizada até junho.;;;184;1102;4288761;347;4413
21;5;2019;Jair M. Bolsonaro;"""E conhecereis a verdade, e a verdade vos libertará"" João 8:32. Carrego esta mensagem sempre à frente de nossa missão. Bom dia a todos!";;;687;4504;4286964;347;4411
20;5;2019;Jair M. Bolsonaro;Como dito na semana passada, temos a intenção de destinar grande parte ou todo o valor da multa da Petrobrás acordada com a Lava Jato ao Ministério da Educação, equivalente a R$ 2,5 bilhões. O dinheiro, que retorna ao Brasil, pode ser aplicado em áreas sem ligação à petrolífera.;;;1530;8547;4281894;348;4414
20;5;2019;Jair M. Bolsonaro;"Não fui eu que anulei o legislativo comprando votos, não fui eu que tive em meu plano de governo o controle da mídia e da internet e fui eu quem levou uma facada de um militante de esquerda. É exatamente o contrário, Folha. 100% Fake News! RT @folha: Bolsonaro quer fechar Congresso e STF, censurar a imprensa e perseguir esquerda; leia coluna de Celso Rocha de Barro @NPTO";;;3595;15208;4281894;348;4414
20;5;2019;Jair M. Bolsonaro;A Nova Previdência é a porta de entrada para o progresso do Brasil. É com sua aprovação que se viabilizam diversas outras ações econômicas benéficas para o país, como a Reforma Tributária, que pretendemos apresentar logo após, compreendendo ser um desejo urgente dos brasileiros.;;;1669;9227;4277960;348;4402
19;5;2019;Jair M. Bolsonaro;Vitória conservadora na Austrália! Parabenizo o primeiro-ministro @ScottMorrisonMP por sua reeleição, refutando as pesquisas que davam vantagem à esquerda com o Partido Trabalhista. Grande vitória! 👍;;;1553;10783;4268153;346;4394
18;5;2019;Jair M. Bolsonaro;Nessa data nos deixa um Herói da Segunda Guerra Mundial. À familia do Tenente-coronel Bini nossos mais profundos sentimentos. Que sua alma descanse e que a Paz de Deus habite o coração de todos nós!;;;1290;10274;4263193;347;4392
18;5;2019;Jair M. Bolsonaro;Alexandre Garcia faz análise impecável sobre quem está contra o Governo Jair Bolsonaro e seus motivos. Assista:;;;7;83;4258704;346;4395
18;5;2019;Jair M. Bolsonaro;Tomei conhecimento e agradeço imensamente a todos pela hashtag #BolsonaroNossoPresidente, que chegou a nível mundial no Twitter. Retribuo e ressalto que somente com o apoio de todos vocês poderemos mudar de vez o futuro do nosso Brasil! 👍;;;4023;20228;4255861;346;4395
18;5;2019;Jair M. Bolsonaro;Visita de alunos no Alvorada, residência oficial do Presidente da República. É pelo futuro dessas crianças o nosso maior empenho. Agradeço a Deus pela minha vida e pela MISSÃO de conduzir os destinos do Brasil. 🇧🇷🇧🇷🇧🇷;;;226;1435;4252705;347;4393
18;5;2019;Jair M. Bolsonaro;Seminaristas querem proibir o termo Fake News e usam Folha de SP como fonte. A cada dia o brasileiro tem mais acesso à informação e conhece a verdade sem precisar de alguns órgãos de imprensa famosos pelas Fake News. Sigo defendendo uma internet livre.;;;970;5129;4251036;347;4392
17;5;2019;Jair M. Bolsonaro;Em 2018 a Petrobrás assinou contrato de publicidade de R$ 782 milhões com a McLaren, válido por 5 anos. No momento, a empresa, por decisão do meu Governo, busca uma maneira de rescindir o contrato. Boa noite a todos!;;;335;2255;4246966;347;4389
17;5;2019;Jair M. Bolsonaro;"Recebi hoje uma ligação do ex-prefeito de Nova York, @RudyGiuliani, conhecido pelo sucesso de sua política de ""Tolerância Zero"", que reduziu drasticamente os índices de criminalidade em sua cidade. Conversamos sobre nossa determinação de restaurar a lei e a ordem no Brasil.";;;2132;13613;4244548;347;4392
17;5;2019;Jair M. Bolsonaro;André Mendonça, um dos nossos 22 ministros, defende, no STF, os interesses de todos nós contribuintes. Por 8x2, fomos vitoriosos no STF e deixamos de pagar para os poderosos R$ 2,5 bilhões. Seguimos desagradando o Sistema. Brasil acima de tudo! Deus acima de todos! 🇧🇷;;;1926;9311;4240745;347;4390
17;5;2019;Jair M. Bolsonaro;Há somente dois caminhos para evitar contingenciamento de gastos: ou imprime dinheiro e gera inflação, ou comete-se crime de responsabilidade fiscal. Quem finge não entender essa lógica age como um abutre, aguardando ansiosamente pelo mal do Brasil para no fim se alimentar dele.;;;515;2389;4239035;347;4388
17;5;2019;Jair M. Bolsonaro;"Dilma cortou 10 bilhões da Educação e doou 50 bilhões para países amigos (algumas ditaduras). Quem participou dessa última manifestação e não tinha conhecimento disso eu lamento, mas foram usados como massa de manobra pelo bando do ""Lula livre.""";;;327;1235;4238544;347;4385
16;5;2019;Jair M. Bolsonaro;Boa noite! Valeu! 👍🏻;;;1308;11660;4234674;347;4385
16;5;2019;Jair M. Bolsonaro;Lula explica para a esquerda como funciona e quando é preciso o contingenciamento de recursos públicos (praticado por todos os governos). Agradeço a explanação! 👍🏻;;;2416;9722;4234674;347;4385
16;5;2019;Jair M. Bolsonaro;Hoje, 16/05, às 19h, horário de Brasília, entraremos ao vivo no Facebook, diretamente do Texas, Estados Unidos, para tratar sobre temas relevantes em nossa Live semanal. Até daqui a pouco! 👍🏻;;;668;3850;4232747;347;4380
16;5;2019;Jair M. Bolsonaro;Pela falta de recursos se faz contingenciamento. Todos os governos já fizeram isso, inclusive na Educação. Aqui nos Estados Unidos uma repórter da Folha desconhecia a diferença entre corte e contingenciamento. Nós explicamos. Assista:;;;352;1754;4230252;347;4381
16;5;2019;Jair M. Bolsonaro;A chamada é falsa! No vídeo, os pais apenas criticam o caráter partidário das manifestações e a adesão de parte do corpo docente da referida escola, além de exigirem a garantia das aulas para seus filhos. RT @JornalOGlobo: Após protestos contra cortes na Educação, Bolsonaro publica vídeo de pais de alunos de escola particular em sua defesa.;;;738;4339;4230252;347;4381
16;5;2019;Jair M. Bolsonaro;Pela falta de recursos se faz contingenciamento. Todos os governos já fizeram isso, inclusive na Educação. Aqui nos Estados Unidos uma repórter da Folha desconhecia a diferença entre corte e contingenciamento. Nós explicamos. Assista:;;;500;2332;4229472;347;4384
16;5;2019;Jair M. Bolsonaro;Se há algo de que jamais abrirei mão, são os princípios fundamentais que sempre defendi e com os quais a maioria dos brasileiros sempre se identificou. O Brasil pediu uma nova forma de se relacionar com os poderes da República, e assim seguirei, em respeito máximo à população.;;;2229;14199;4228720;347;4384
16;5;2019;Jair M. Bolsonaro;- Pais de alunos do Colégio Santo Agostinho, Rio/RJ, reagem ao uso político que alguns querem fazer com seus filhos na escola. - Os valores e o conhecimento devem ser a tônica daqueles que matricularam seus filhos nessa escola particular e, certamente, em muitas outras.;;pic.twitter.com/yIRl5rxaqb;654;3099;4227528;347;4381
16;5;2019;Jair M. Bolsonaro;Uma mentira repetida mil vezes continua sendo mentira. Nós trabalhamos com a verdade. O socialismo gera o mal generalizado e quem mais sofre é o povo. Com a palavra, o Ministro da Educação:;;pic.twitter.com/Fu914jdx41;1538;6874;4226960;347;4383
15;5;2019;Jair M. Bolsonaro;It was a great pleasure, Senator! The Brazilian and American people have a lot to gain from our cooperation and friendship. 👍🏻 RT @tedcruz: Heidi & I had dinner w/ ⁦@jairbolsonaro⁩ in TX, after DeBlasio disinvited him from NYC. After years of tension btwn leaders in Brazil &amp, US, it’s good for Western Hemisphere to have Brazilian President who wants to be strong ally to America. We extend the hand of friendship.;https://twitter.com/tedcruz/status/1128861606883020800;https://pbs.twimg.com/media/D6qFpJUW0AIHFFU.jpg;410;2867;4225143;347;4382
15;5;2019;Jair M. Bolsonaro;Na tarde de hoje encontrei-me com o ex-presidente dos Estados Unidos, George W. Bush, em seu escritório no Texas. Uma saudável e produtiva conversa. Seguimos trabalhando e buscando conquistar cada vez mais a confiança do mundo no Brasil. 🇧🇷🤝🇺🇸;;https://pbs.twimg.com/media/D6pC6fdXYAA5bCY.jpg;713;5391;4220544;348;4382
15;5;2019;Jair M. Bolsonaro;Mesmo distante, em uma lanchonete no Texas, Estados Unidos, é grande o carinho e o amor pelo Brasil e a confiança em nosso Governo. 🇧🇷👍🏻;;pic.twitter.com/oVJcFQvabq;1112;6628;4218622;348;4382
15;5;2019;Jair M. Bolsonaro;Ministro da Educação @AbrahamWeint mostra hipocrisia política no debate sobre cortes.;http://youtu.be/4kceWe71CCM;;503;2664;4213985;348;4378
14;5;2019;Jair M. Bolsonaro;Sancionamos no dia de ontem projeto de lei que dá permissão a autoridades policiais de conceder medidas protetivas de urgência a mulheres com vida ou integridade física ameaçadas na ausência de um juiz de plantão e/ou indisponibilidade de uma delegacia em seu município.;;;1215;7043;4209002;348;4376
14;5;2019;Jair M. Bolsonaro;Nossa equipe encontrou indícios de fraudes no recebimento do benefício do seguro-defeso que podem chegar a um prejuízo de R$ 2 BILHÕES/ano. Quase 70% dos cadastros estariam em situação irregular. Com o novo cadastro e garantiremos o destino certo destes recursos.;;pic.twitter.com/v87sjuLyhO;139;697;4207164;348;4378
14;5;2019;Jair M. Bolsonaro;O escoamento de carga por trens até os portos do Paraná cresceu 15% nos 4 primeiros meses do ano comparado com 2018. Entre janeiro e abril, 61 mil vagões movimentaram 3,2 milhões de toneladas, informou a administração dos Portos do PR, e isso vem o ocorrendo cada vez no Brasil.;;;546;4081;4206905;348;4380
13;5;2019;Jair M. Bolsonaro;Ao invés de financiar atos e “estudos científicos” dos mesmos de sempre e ONGs, vamos destinar recursos para buscar solucionar os reais problemas do Brasil. Isso é atuar em prol do meio ambiente e não a favor de uma manipuladora, sombria e esperta agenda. Via @rsallesmma;;https://pbs.twimg.com/media/D6ffj1UX4AA_R7q.jpg;1036;6260;4206136;348;4378
13;5;2019;Jair M. Bolsonaro;Paulo Guedes no Fórum Nacional no BNDES.;http://youtu.be/BTESNpBh5UU;;687;3747;4204620;348;4378
13;5;2019;Jair M. Bolsonaro;Dados oficiais dos estados confirmam queda de 24% dos homicídios no Brasil no primeiro trimestre deste ano em relação ao mesmo período de 2018. “Especialistas” dirão que a queda não tem relação com nossas ações, mas se o número tivesse aumentado, certamente culpariam o governo.;;;1361;6835;4202507;348;4376
13;5;2019;Jair M. Bolsonaro;Governo Federal moderniza as normas de saúde, simplificando, desburocratizando, dando agilidade ao processo de utilização de maquinários, atendimento à população e geração de empregos. Via @MinEconomia . Entenda:;;https://pbs.twimg.com/media/D6cvon6W4AAFmk5.jpg;597;3478;4200899;348;4375
12;5;2019;Jair M. Bolsonaro;O trabalho conjunto com o Ministro @SF_Moro , vem rendendo excelentes expectativas mesmo que o Congresso Nacional ainda não tenha analisado projetos de apelo sociais vitais para o combate à insegurança pública, como o pacote anticrimes e tantos projetos de interesse social.;;pic.twitter.com/F9o4H9VIYu;314;1706;4199613;347;4377
12;5;2019;Jair M. Bolsonaro;🇧🇷👍🏻👉🏻👉🏻;;https://pbs.twimg.com/media/D6aTtnNWsAA8NZN.jpg;766;6860;4199268;347;4376
12;5;2019;Jair M. Bolsonaro;Boa entrevista com @Miltonneves , hoje pela parte da manhã, na rádio Bandeirantes (12/052019). Link no youtube:;http://youtu.be/fNWEZu7sBbI;;319;1935;4197210;338;4377
12;5;2019;Jair M. Bolsonaro;- FELIZ DIA DAS MÃES. - Essa é a minha, 92 aninhos. - Um abraço a todos.;;https://pbs.twimg.com/media/D6YWFaKW0AEIEo9.jpg;335;3245;4195567;338;4375
12;5;2019;Jair M. Bolsonaro;Hoje (12/05/2019), entrarei ao vivo na Rádio Bandeirantes com @Miltonneves às 11:30h.;http://Radiobandeirantes.com.br;;873;4327;4194981;338;4376
12;5;2019;Jair M. Bolsonaro;O Potencial de ecoturismo no Brasil é um dos maiores do mundo. Precisamos de boa infraestrutura ao turista e condições favoráveis ao investimento mediante concessões responsáveis, envolvendo moradores das regiões gerando consciência social, emprego e economia. Via @rsallesmma;;https://pbs.twimg.com/media/D6XXLf2WwAA8B3j.jpg;509;3513;4194463;338;4369
11;5;2019;Jair M. Bolsonaro;A convite do Presidente da CEF falei para seus servidores nesse 10/maio. Muita emoção e um sentimento de brasilidade que está, como regra, nos mais humildes. Link no youtube:;http://youtu.be/f2D7TxWsx7Y;;518;3159;4192265;338;4366
11;5;2019;Jair M. Bolsonaro;Infelizmente, temos que passar grande parte do tempo desmentindo invenções que parte da mídia e a oposição fazem para desestabilizar o atual governo. Todos sabemos que seria assim, há um interesse gigantesco na máquina pública e não é por preocupação com o futuro do país.;;;1435;7635;4190253;338;4372
11;5;2019;Jair M. Bolsonaro;Após medidas de desburocratização internas diárias e a MP da liberdade econômica aceleramos abertura de filiais estrangeiras no Brasil, caindo de 45 para 3 dias (Registro de empresas). Medida busca melhorar o ambiente de negócios para atrair cada vez mais investimentos ao país.;;;929;6482;4188022;338;4367
10;5;2019;Jair M. Bolsonaro;- Seu pai e sua mãe são seus melhores amigos! - Boa noite a todos!;;pic.twitter.com/Oni3TINNyH;1342;8394;4187195;338;4366
10;5;2019;Jair M. Bolsonaro;Inauguração do Centro Integrado de Inteligência de Segurança Pública Sul-Curitiba, com o Ministro @SF_Moro . A intenção é criar um centro de inteligência de polícias em cada região do país. Firmes para que o Congresso aprove o Pacote anti-crimes melhorando a segurança no Brasil!;;pic.twitter.com/6VblGNfCNM;916;4450;4185390;338;4370
10;5;2019;Jair M. Bolsonaro;"Ministro da Educação, Professor @AbrahamWeint , explica a diferença entre ""corte"" e ""contingenciamento"" e desmente as #fakenews sobre o orçamento das faculdades.";;pic.twitter.com/EWMseiGHjW;1641;6094;4184393;338;4370
10;5;2019;Jair M. Bolsonaro;A mentira do corte de 30% nas Universidades.;http://youtu.be/_CcHeZUpYx8;;1959;7157;4183302;338;4366
10;5;2019;Jair M. Bolsonaro;Segundo o @minsaude , cerca de um milhão de queimados são atendidos nas redes hospitalares do país. O uso da pele da tilápia como substituto temporário para a pele humana no tratamento de queimaduras é o tema de uma pesquisa de um médico brasileiro que nos foi apresentado.;;pic.twitter.com/4x5uaMbz6P;512;3451;4182599;338;4364
9;5;2019;Jair M. Bolsonaro;O Brasil condena com veemência a prisão ilegal e arbitrária do vice-presidente da Assembléia Nacional da Venezuela, Edgar Zambrano, aliado do Presidente encarregado @jguaido, bem como a de todos os demais presos políticos pela ditadura de Maduro.;;;1749;9739;4180112;337;4363
9;5;2019;Jair M. Bolsonaro;Live das quintas-feiras com o Presidente Bolsonaro com muitas novidades (09/05/2019). Link da gravação no youtube:;http://youtu.be/k6Z0JYrx95Q;;537;2839;4179417;337;4361
9;5;2019;Jair M. Bolsonaro;Daqui a pouco, às 19:00, nossa live da semana (09/05/2019) no Facebook. Nos vemos lá! 👍🇧🇷;;;526;3155;4178752;337;4357
9;5;2019;Jair M. Bolsonaro;Alcançamos a marca de 1 milhão de alunos atendidos por internet banda larga. Com @Astro_Pontes e o ministro da educação, @AbrahamWeint , participamos de videoconferência com uma das escolas atendidas pelo programa. Vamos expandindo aos rincões do Brasil!;http://youtu.be/1Rhii23egEk;;906;5978;4176994;337;4357
9;5;2019;Jair M. Bolsonaro;O João 38:62 é para SEMPRE. - ASSISTA. - Bom DIA a todos. - Jair Bolsonaro.;http://youtu.be/l53cOAHRnK8;;853;5385;4175830;337;4346
8;5;2019;Jair M. Bolsonaro;Hoje comemoramos a vitória sobre o Nazismo na II Guerra Mundial. Rendo homenagens aos heróis da FEB, aos soldados da borracha e a todos os civis e militares que com sangue e sacrifício prestaram um grande serviço à liberdade. Estes heróis são motivo de orgulho para nossa nação!;;https://pbs.twimg.com/media/D6Fjn7NXsAInk8I.jpg;971;6892;4174368;337;4345
8;5;2019;Jair M. Bolsonaro;Como disse Paulo Guedes, estiveram 16 anos no poder, arruinaram nossa economia e agora querem falar de desemprego e cobrar crescimento em 4 meses de governo, como se não tivessem nenhuma responsabilidade sobre a atual situação do Brasil. Estamos reparando o estrago que fizeram!;;pic.twitter.com/j3pN5sdDeD;3800;15248;4173962;337;4345
8;5;2019;Jair M. Bolsonaro;Após nossa vitória nas eleições, a Fórmula 1, que iria embora do Brasil, decidiu não só permanecer, mas também construir um novo autódromo no RJ, que terá o nome do ídolo Ayrton Senna. Com isso, milhares de empregos serão criados, beneficiando a economia e a população do estado.;;;1501;10243;4172109;336;4346
8;5;2019;Jair M. Bolsonaro;Mais uma novidade: no Governo Jair Bolsonaro em mais de 2.000 escolas do Nordeste foram instalados pontos de internet. Nossos parabéns ao Ministro @Astro_Pontes .;;pic.twitter.com/NCNWDhxcYd;524;2691;4169706;336;4339
7;5;2019;Jair M. Bolsonaro;Entrevista com @LucianaGimenez . (07/05/2019), na @RedeTV . Assista.;https://bit.ly/2YkrhQv;;220;1221;4169128;336;4339
7;5;2019;Jair M. Bolsonaro;Hoje demos mais um passo em direção à liberdade e direitos individuais em nossa nação. Assinei Decreto dos CACs, que flexibiliza regras sobre aquisição, registro, posse, porte e comercialização de armas de fogo para colecionadores, atiradores esportivos e caçadores. Grande Dia!;;;856;5557;4167692;336;4341
7;5;2019;Jair M. Bolsonaro;Além dos inúmeros leilões de ferrovias, portos, aeroportos e rodovias já promovidos pelo nosso governo, que levarão desenvolvimento para todo o Brasil, outras concessões serão realizadas ainda em 2019, devendo atrair mais R$ 9,1 BILHÕES em investimentos para o nosso país. 🇧🇷;;;339;2373;4163870;335;4333
7;5;2019;Jair M. Bolsonaro;🇧🇷;;https://pbs.twimg.com/media/D59ZXSnWkAAjy4Q.jpg;906;5301;4162824;335;4331
6;5;2019;Jair M. Bolsonaro;Em atividade no @MinEconomia expusemos alguns pontos sobre a o atual cenário político e econômico do Brasil.;http://youtu.be/f7z2mtO2F7o;;131;957;4160360;335;4326
6;5;2019;Jair M. Bolsonaro;Gravando entrevista com a querida @LucianaGimenez . Irá ao ar amanhã (07/05/2019), às 22:45, @RedeTV . 🇧🇷;;https://pbs.twimg.com/media/D56fWxWX4AcKsc8.jpg;1627;9431;4159174;335;4328
6;5;2019;Jair M. Bolsonaro;Aniversário de 130 anos do Colégio Militar do Rio de Janeiro.;;pic.twitter.com/bWZawFoW4j;3517;25664;4159174;335;4328
6;5;2019;Jair M. Bolsonaro;A Temporada de cruzeiros 2018/2019 na Bahia chega ao fim. De acordo com a Associação Brasileira de Cruzeiros Marítimos (Clia Brasil) foi registrado um incremento de 7% com relação a temporada 2017/2018. A próxima deverá crescer 10%.;;;2603;25695;4159174;335;4328
6;5;2019;Jair M. Bolsonaro;Agradeço ao Silvio e ao SBT pela grande oportunidade e por este agradável momento. Muito brigado também aos que nos assistiram! Excelente audiência. Desejo um bom início de semana a todos!;;;5841;60753;4159174;335;4328
6;5;2019;Jair M. Bolsonaro;Kkkkk... boa montagem! Vocês são demais! 👍🏻;;https://pbs.twimg.com/media/D52f6VsW4AAEc3d.jpg;16118;106171;4159174;335;4328
6;5;2019;Jair M. Bolsonaro;Vamos marcar! 👍 RT @DaniloGentili: 2/2) Por isso, ver o atual presidente citar meu programa de forma positiva hoje junto com @SilvioSantos foi uma grata e inédita surpresa. Continua sendo bem-vindo ao #TheNoite presidente @jairbolsonaro, bem como sempre foi mesmo antes de ser eleito. Te aguardamos e obrigado :);https://twitter.com/danilogentili/status/1125226052496822273;;4578;51948;4159174;335;4328
6;5;2019;Jair M. Bolsonaro;Uma muito legal conversa sobre Brasil com Silvio Santos. Agradeço muito a consideração!;http://youtu.be/_8FuEdyjJMg;;3847;30837;4159174;335;4328
5;5;2019;Jair M. Bolsonaro;Congresso dos Gideões 2019. Camboriú/SC.;http://youtu.be/yHfzSivmBiY;;1528;11972;4159174;335;4328
5;5;2019;Jair M. Bolsonaro;Hoje, às 22:10, participarei do Programa Silvio Santos, no SBT, em entrevista exclusiva. Nos vemos lá! 👍🏻;;;6798;48097;4159174;335;4328
5;5;2019;Jair M. Bolsonaro;Minha Casa Minha Vida:;;pic.twitter.com/4oyfIBLxMM;2962;16302;4159174;335;4328
5;5;2019;Jair M. Bolsonaro;Em meu Governo a chama da democracia será mantida sem qualquer regulamentação da mídia, aí incluída as sociais. Quem achar o contrário recomendo um estágio na Coréia do Norte ou Cuba.;;;11892;76220;4159174;335;4328
5;5;2019;Jair M. Bolsonaro;Projeto de lei anticrime amplia o Banco Nacional de Perfis Genéticos. A ideia é permitir que seja colhido material biológico de qualquer pessoa que cometa crime intencional e que a punição saia com mais velocidade, como em caso de estupros. Via @tvbrasilgov Entenda:;;pic.twitter.com/OZeg8yQxZi;4128;22746;4159174;335;4328
5;5;2019;Jair M. Bolsonaro;Para suprir uma lacuna de demanda deixada pela peste suína, o governo chinês autorizou exportadores de carne de porco do Brasil a embarcar também a gordura comestível do animal. A medida atende a um pedido feito pela Associação Brasileira de Proteína Animal (ABPA).;;;4226;37638;4159174;335;4328
4;5;2019;Jair M. Bolsonaro;Por meio da @AdvocaciaGeral, o governo orientou os órgãos federais a fazer reintegração de posse de imóveis públicos ocupados ou invadidos por “manifestantes” sem aguardar demoradas decisões, agilizando os serviços dos pagadores de impostos. Tudo dentro da lei.;;;5693;38959;4159174;335;4328
4;5;2019;Jair M. Bolsonaro;No dia de hoje mais de 150 foguetes, partindo da faixa de Gaza, foram lançados contra Israel, atingindo civis judeus.;;pic.twitter.com/XFnP74PdHA;6303;30647;4159174;335;4328
4;5;2019;Jair M. Bolsonaro;O @JusticaGovBR , @SF_Moro inaugurou o Centro Integrado de Inteligência Nacional. O objetivo é ampliar a troca de informações entre forças policiais, reforçando o combate ao crime organizado e tráfico de armas e drogas. Aguardamos apreciação do Pacote anti-crimes pelo Congresso.;;;5475;33705;4159174;335;4328
4;5;2019;Jair M. Bolsonaro;Qualquer empresa privada tem liberdade para promover valores e ideologias que bem entendem. O público decide o que faz. O que não pode ser permitido é o uso do dinheiro dos trabalhadores para isso. Não é censura, é respeito com a população brasileira.;;;11627;77987;4159174;335;4328
4;5;2019;Jair M. Bolsonaro;O que é a Medida Provisória da Liberdade Econômica?;;pic.twitter.com/qMZMJVmafI;4809;22427;4159174;335;4328
4;5;2019;Jair M. Bolsonaro;As expansões das linhas de produção promovidas pelo polo cervejeiro de Pernambuco, concentrado em Igarassu e Itapissuma, têm impactado positivamente nas operações de carga efetuadas pelo porto de Recife.;;;3268;30040;4159174;335;4328
3;5;2019;Jair M. Bolsonaro;Quando não há problemas no governo, a maior parte da mídia inventa alguma para ter o que falar e manipular. Informe-se sempre buscando uma mídia alternativa, pois infelizmente muitas das habituais não querem o melhor para o Brasil, somente para si mesmas!;;;10564;63505;4159174;335;4328
3;5;2019;Jair M. Bolsonaro;Discurso do nosso Chanceler Ernesto Araújo, que tem feito da política externa brasileira um exemplo, atuando de forma ímpar não somente em temas sensíveis como a crise na Venezuela, bem como em todas as participações do Brasil nas relações com o mundo:;http://youtu.be/fmYo29z8MUg;;2938;20318;4159174;335;4328
3;5;2019;Jair M. Bolsonaro;- Hélio Negão (@depheliolopes ) e seu irmão Jair Bolsonaro. - Impossível não se emocionar. - Jair Bolsonaro.;;pic.twitter.com/G8v42JlKXE;8366;47874;4159174;335;4328
3;5;2019;Jair M. Bolsonaro;Nova Portaria 1.082/19 do @@mdregional_br , gere os ‘Polos de Agricultura Irrigada’ desenvolvendo e aumentando a produtividade. Foco é gerar emprego e renda, alavancar desenvolvimento dos setores produtivos, organizando esforços e investimentos. Saiba mais;https://bit.ly/2PGusPa;;2368;15138;4159174;335;4328
3;5;2019;Jair M. Bolsonaro;Só o amor constrói!!! via @odiodobem;;https://pbs.twimg.com/media/D5p_TqlXkAUjzlp.jpg;4543;27404;4159174;335;4328
3;5;2019;Jair M. Bolsonaro;"Um forte abraço, Bibi @netanyahu! Shalom! 🇧🇷🇮🇱 RT @netanyahu: Thank you to my friend, Brazilian President @jairbolsonaro, the Brazilian National Congress, and the Brazilian people, for this moving tribute on Holocaust Remembrance Day. The words ""Holocaust Never Again"" were projected on the Brazilian National Congress buildings.";https://twitter.com/netanyahu/status/1124305066612133891;https://pbs.twimg.com/media/D5pVfsBWAAAPw_e.jpg;3922;31637;4159174;335;4328
3;5;2019;Jair M. Bolsonaro;"Entregues os ""Viadutos da Casa da Moeda"", na BR-101/RJ (Rio-Santos), na altura do município de Itaguaí (Baixada Fluminense), oferecendo segurança no trânsito, ajudando no escoamento do Distrito Industrial de Santa Cruz e no acesso às praias da Costa Verde. Via @MInfraestrutura";;https://pbs.twimg.com/media/D5pehaUWAAAh2aY.jpg;2864;18370;4159174;335;4328
3;5;2019;Jair M. Bolsonaro;Mais uma boa notícia: abertura do mercado da Argentina para abacates do Brasi! A primeira carga chegou em 30/04/19 e estão a caminho mais duas. O mercado foi aberto após a reunião bilateral da Ministra @TerezaCrisMS com representantes do governo argentino, ocorrida em janeiro.;;;5173;43784;4159174;335;4328
2;5;2019;Jair M. Bolsonaro;De 56 em 2016, caiu para apenas 1 o número de invasões no campo praticados pelo MST em 2019. A postura do atual governo, bem como o corte de recursos para esses parasitas, influenciou na significativa redução desses verdadeiros atos terroristas.;;;8752;55505;4159174;335;4328
2;5;2019;Jair M. Bolsonaro;Live de quinta-feira (02/05/2019) com o Presidente Bolsonaro abordando alguns assuntos da semana. Link da gravação disponível no youtube:;http://youtu.be/HkctbYCskw8;;2405;15190;4159174;335;4328
2;5;2019;Jair M. Bolsonaro;Muito obrigado pela homenagem! Belo anime! 👍🏻 (autor desconhecido);;https://pbs.twimg.com/media/D5l4kggXsAMewZO.jpg;17553;109708;4159174;335;4328
2;5;2019;Jair M. Bolsonaro;Que a paz e a prosperidade continuem a florescer no Japão na Era Reiwa, iniciada com a ascensão do Imperador Naruhito, após o reinado admirável de Akihito. E que nesta nova era a amizade entre Brasil e Japão, tradicionais parceiros e amigos, se torne ainda maior. BANZAI! 🇧🇷🇯🇵;;https://pbs.twimg.com/media/D5lwtnpXsAgsA9P.jpg;5668;62485;4159174;335;4328
2;5;2019;Jair M. Bolsonaro;Gravando com o maior comunicador deste país. Assuntos de interesse de todos os brasileiros, incluindo a Nova Previdência. Programa irá ao ar neste domingo. Não percam!;;https://pbs.twimg.com/media/D5lL3upX4AAIYw9.jpg;11052;80414;4159174;335;4328
2;5;2019;Jair M. Bolsonaro;Mutirão de saúde de órgãos do Governo Federal em conjunto com faculdades públicas e entidades privadas no Amazonas em prol das populações isoladas:;;https://pbs.twimg.com/media/D5kqZQVWsAAtkKi.jpg;2465;15202;4159174;335;4328
2;5;2019;Jair M. Bolsonaro;A autoridade sanitária da Índia aprovou a primeira permissão de importação para carne de frango in natura brasileira. O anúncio foi feito pela ministra @TerezaCrisMS . Estima-se que o mercado indiano de carne de frango vá continuar crescendo a uma taxa de 7% a 8% ao ano.;;;5067;33375;4159174;335;4328
1;5;2019;Jair M. Bolsonaro;Ontem recebi o Ministro das Relações Externas da Alemanha, Heiko Maas, com quem tive uma conversa muito produtiva. O Brasil e a Alemanha têm uma grande parceria, que abrange áreas essenciais para o bem-estar de nossos povos: defesa, ciência e tecnologia, comércio e investimentos.;;;4227;39337;4159174;335;4328
1;5;2019;Jair M. Bolsonaro;A crise na Venezuela afeta, em parte, a economia no Brasil. Estudamos alternativas para que esses efeitos sejam afastados de forma definitiva da vida de nossos cidadãos. ASSISTA:;http://youtu.be/nu9MG3Oq5jc;;3022;20557;4159174;335;4328
1;5;2019;Jair M. Bolsonaro;A Secretaria Nacional de Juventude do Ministério da Família, da Mulher e Direitos Humanos, comandado pela Sra. @DamaresAlves entregou 160 turmas do Inova Jovem de Ensino à Distância. Em 3 meses foram mais turmas que todo ano de 2018. A informação chegando a locais jamais vistos.;;pic.twitter.com/33seKGmCAi;4761;28747;4159174;335;4328
1;5;2019;Jair M. Bolsonaro;O turismo náutico, importações de embarcações, mergulhos, naufrágios induzidos, turismo, recifes artificiais, criadouros de vida marinhas, empregos e sustentabilidade. Estamos desenvolvendo projetos neste sentido:;;https://pbs.twimg.com/media/D5fst9-WAAAQJIU.jpg;2198;14599;4159174;335;4328
1;5;2019;Jair M. Bolsonaro;Senhor Daniel Lopez, Grato pelas palavras e exposição da verdade, na maioria da vezes esquecidas no momento de informar ao cidadão brasileiro sobre a colocação dos fatos.;http://youtu.be/x_X8C35bO70;;4297;25284;4159174;335;4328
30;4;2019;Jair M. Bolsonaro;Assinamos Medida Provisória que cria a liberdade econômica e facilitação de geração de empregos. Entenda em menos de 3 minutos:;;pic.twitter.com/wAPKFYVmIK;4337;23706;4159174;335;4328
30;4;2019;Jair M. Bolsonaro;Assinei hoje a MP da Liberdade Econômica, que diminui burocracia sobre empresas e startups, estimulando o empreendedorismo, a competitividade e a economia do Brasil. Estamos colocando em prática nosso compromisso de tirar o peso do Estado das costas de quem produz e gera emprego.;;;7181;53256;4159174;335;4328
30;4;2019;Jair M. Bolsonaro;Via @portosdobrasil - O Porto de Itajaí/SC encerrou o 1º trimestre de 2019 com a melhor movimentação de cargas dos últimos 10 anos. Além disso, se comparado ao mesmo período do ano passado, o Complexo registrou crescimento de 42% nas operações portuárias:;http://bit.ly/2IY7dPk;;2492;15859;4159174;335;4328
30;4;2019;Jair M. Bolsonaro;A situação da Venezuela preocupa a todos. Qualquer hipótese será decidida EXCLUSIVAMENTE pelo Presidente da República, ouvindo o Conselho de Defesa Nacional. O Governo segue unido, juntamente com outras nações, na busca da melhor solução que restabeleça a democracia naquele país.;;;9550;55109;4159174;335;4328
30;4;2019;Jair M. Bolsonaro;❤️❤️❤️;;https://pbs.twimg.com/media/D5bUGr-X4AIg4v4.jpg;8595;45391;4159174;335;4328
30;4;2019;Jair M. Bolsonaro;A que ponto chegará o “ jornalismo” da Veja?;;https://pbs.twimg.com/media/D5a3YfqW0AEjOcr.jpg;5205;28508;4159174;335;4328
30;4;2019;Jair M. Bolsonaro;O Brasil se solidariza com o sofrido povo venezuelano escravizado por um ditador apoiado pelo PT, PSOL e alinhados ideológicos. Apoiamos a liberdade desta nação irmã para que finalmente vivam uma verdadeira democracia.;;;17435;91293;4159174;335;4328
30;4;2019;Jair M. Bolsonaro;O Ministério da Saúde e a Secretaria-Geral da Presidência aplicam R$ 120 milhões em reformas em hospitais federais no Rio de Janeiro. As prioridades estão sendo encaminhadas pelas direções dos hospitais. (Gestão / medicamentos / atendimentos / cirurgias / organização). Entenda:;;https://pbs.twimg.com/media/D5Z_bJvXsAALu5O.jpg;2912;15644;4159174;335;4328
30;4;2019;Jair M. Bolsonaro;Desde que a casa não seja a dele, pode invadir e fazer a festa com sua família!;;https://pbs.twimg.com/media/D5ZQbo0W0AA6rnt.jpg;4441;30051;4159174;335;4328
30;4;2019;Jair M. Bolsonaro;Entrevista concedida à repórter-mirim, Esther Castilho para o programa Esther e os Famosos.;http://youtu.be/8V1RBadxQxw;;2239;16968;4159174;335;4328
29;4;2019;Jair M. Bolsonaro;Mais amor e menos ódio, diretor de cinema! ❤️❤️❤️;;https://pbs.twimg.com/media/D5XjQHNW4AAFPFk.jpg;4452;37741;4159174;335;4328
29;4;2019;Jair M. Bolsonaro;- Agrishow Ribeirão Preto 2019. - Um abraço São Paulo. - Parabéns aos produtores rurais.;;pic.twitter.com/Ugv5tHwgH5;3553;28087;4159174;335;4328
29;4;2019;Jair M. Bolsonaro;Tive a satisfação de fazer o uso da palavra na Agrishow 2019 (SP) e expor um pouco do trabalho e objetivos de nosso governo. Um forte abraço a todos!;http://youtu.be/aXDzRC3WRO4;;2757;21810;4159174;335;4328
29;4;2019;Jair M. Bolsonaro;O @minsaude anuncia redução de 38% do número de casos de malária em comparação a 2018. A redução dos casos no país se deve, principalmente, à integração das ações de saúde realizadas pelo Governo Federal em parceria com os Estados, Municípios e a população.;;;3580;29859;4159174;335;4328
29;4;2019;Jair M. Bolsonaro;- Nenhum novo imposto será criado. - Jair Bolsonaro, PR.;;pic.twitter.com/WCi1ohQl7b;9515;56969;4159174;335;4328
29;4;2019;Jair M. Bolsonaro;Empreendedorismo beneficia a todos, gera consciência e preserva o meio ambiente. O trabalho do secretário de pesca e aquicultura @jorgeseif dando resultado e gerando empregos.;;pic.twitter.com/kzLAGsOLTa;3139;20500;4159174;335;4328
28;4;2019;Jair M. Bolsonaro;Me reuni neste domingo com o Ministro @onyxlorenzoni para tratar de temas como, a nova Medida Provisória que facilitará o empreendedor na geração de empregos, relação com o Legislativo, metas ministeriais para os próximos 100 dias e mais. Assista:;http://youtu.be/5GzWeSObo7s;;3227;22746;4159174;335;4328
28;4;2019;Jair M. Bolsonaro;A @policiafederal , com apoio do MPF, deflagrou a Operação Arquimedes contra um esquema de corrupção na extração ilegal de madeira na floresta amazônica. A PF prendeu 26 suspeitos, entre eles o ex-superintendente do Ibama no Amazonas.;;;8174;55074;4159174;335;4328
28;4;2019;Jair M. Bolsonaro;🇧🇷☝🏻👍🏻👉🏻👉🏻;;https://pbs.twimg.com/media/D5QbHC4WkAExqC5.jpg;2856;24477;4159174;335;4328
28;4;2019;Jair M. Bolsonaro;O @minsaude destaca a ampliação do horário de funcionamento de unidades de saúde de atendimento à população e entrega 88 veículos para o transporte de pessoas com deficiência.;http://bit.ly/2IHzCd2;pic.twitter.com/x1jQKqKWWZ;3511;20966;4159174;335;4328
28;4;2019;Jair M. Bolsonaro;A matéria da Veja é fake (mentira). Esse cargo, PGR, certamente é um dos mais importantes da República. Sugestões e opiniões serão levadas em consideração pelo Governo.;;https://pbs.twimg.com/media/D5QKTmEW4AUIvSU.jpg;4296;24413;4159174;335;4328
28;4;2019;Jair M. Bolsonaro;BRAVOS!!! RT @JusticaGovBR: Bombeiros da Força Nacional de Segurança Pública seguem em Pemba, #Moçambique, trabalhando no resgate de vítimas após passagem de novo ciclone que atingiu o país #cicloneKenneth. Até o momento 30 pessoas resgatadas.;https://twitter.com/JusticaGovBR/status/1122478049499521025;pic.twitter.com/3jgu9a1XdK;3985;33502;4159174;335;4328
28;4;2019;Jair M. Bolsonaro;Professor tem que ensinar e não doutrinar.;;pic.twitter.com/voG6Dj15IZ;13318;79817;4159174;335;4328
27;4;2019;Jair M. Bolsonaro;Conheci nesta manhã a casa da Yasmim e família, na Estrutural, área pobre do DF. Retribuí a agradável visita ao Palácio do Planalto. Que Deus abençoe esta família e a vida desta doce e educada menina. Que possamos construir um futuro melhor para ela e todas as crianças do Brasil!;;https://pbs.twimg.com/media/D5MYxuEW4AE0QkW.jpg;6762;61715;4159174;335;4328
27;4;2019;Jair M. Bolsonaro;A política de preços do combustível e derivados do petróleo é tema de reuniões no Governo. O @MinEconomia, Paulo Guedes, com nosso time, continua trabalhando para gerar concorrência nos setores para garantir preços mais baixos para o consumidor.;;pic.twitter.com/eHcPrSIgxP;5422;31659;4159174;335;4328
27;4;2019;Jair M. Bolsonaro;Saúde não é piada!;;https://pbs.twimg.com/media/D5LR_bWW0AQC-j5.jpg;4110;30449;4159174;335;4328
27;4;2019;Jair M. Bolsonaro;O consumo de bebida alcoólica é proibido na cadeia. Boa tarde a todos!;;pic.twitter.com/lu1fVSEJJB;10633;63926;4159174;335;4328
27;4;2019;Jair M. Bolsonaro;são Paulo terá O maior Colégio Miltar do Brasil. - Jair Bolsonaro.;;pic.twitter.com/9ke0pocwWF;697;4088;4093150;331;4271
27;4;2019;Jair M. Bolsonaro;Cerca de 40.000 agricultores familiares, principalmente no Nordeste brasileiro, ganharão facilitação para produção de sua especificidade, gerando mais emprego e renda.;;https://pbs.twimg.com/media/D5JxSJuW4AAGnDv.jpg;407;2429;4092040;331;4272
26;4;2019;Jair M. Bolsonaro;Problema recorrente e presenciado fisicamente pelo Ministro do Meio Ambiente, @rsallesmma junto a prefeituras de todo país, nos levou a ter prioridade na Agenda Ambiental Urbana, com ações de reciclagem, coleta seletiva, incineração, logística reversa etc no que for possível.;;https://pbs.twimg.com/media/D5HC87CWsAA7_mI.jpg;320;1664;4088433;331;4269
26;4;2019;Jair M. Bolsonaro;Grato a todos pela consideração! @Biakicis;;pic.twitter.com/Nq9omMfBcK;601;3318;4087424;331;4269
26;4;2019;Jair M. Bolsonaro;Assinamos o primeiro parecer presidencial ao vivo em rede social para dar fim ao sigilo bancário em operações de crédito que envolvam recursos públicos federais. @AdvocaciaGeral @AMendoncaAGU . Entenda rapidamente neste curto vídeo:;http://youtu.be/0Rl-YjjDWIU;;1075;6106;4084319;331;4269
26;4;2019;Jair M. Bolsonaro;Demos OK para estudo da privatização dos Correios. Temos que rememorar para a população o seu fundo de pensão. A empresa foi o início do foco de corrupção com o mensalão, deflagrando o governo mais corrupto da história. Com o Foro de SP destruíram tudo nome da Pátria Bolivariana.;;;2193;13152;4082688;331;4273
26;4;2019;Jair M. Bolsonaro;O Ministro da Educação @abrahamWeinT estuda descentralizar investimento em faculdades de filosofia e sociologia (humanas). Alunos já matriculados não serão afetados. O objetivo é focar em áreas que gerem retorno imediato ao contribuinte, como: veterinária, engenharia e medicina.;;;1159;8478;4080944;331;4271
25;4;2019;Jair M. Bolsonaro;Sem desidratar, a Nova Previdência gerará economia de R$ 1.000.000.000.000,00 ao país. Teremos condições de potencializar nossos investimentos como nunca. É preciso consciência e patriotismo para entender que o que está em jogo é a construção de um futuro próspero para todos!;;;1305;7108;4079706;331;4267
25;4;2019;Jair M. Bolsonaro;LIVE DE 25/04 SOBRE OS ÚLTIMOS FATOS DA SEMANA: Previdência, Cadastro Nacional dos Pescadores e outros assuntos. Link no youtube:;http://youtu.be/njs9mTU0jp8;;236;1342;4078884;330;4265
25;4;2019;Jair M. Bolsonaro;No evento de Páscoa no Planalto na semana passada, perguntei para algumas crianças ali presentes quem torcia para o Palmeiras, meu time de coração. A pequena Yasmim, flamenguista contrariou a pergunta. Um jornalista do Estadão aproveitou-se para politizar a situação com MENTIRAS.;;pic.twitter.com/lMhnbdMWDi;212;1130;4078130;330;4263
25;4;2019;Jair M. Bolsonaro;LIVE NO FACEBOOK DE 25/04, às 19:00, SOBRE OS ÚLTIMOS FATOS DA SEMANA: Previdência, Cadastro Nacional dos Pescadores e outros assuntos. Nos vemos lá!;;;684;3304;4078130;330;4263
25;4;2019;Jair M. Bolsonaro;Seguimos cumprindo nosso objetivo de combater fraudes, algo que se proliferou de forma catastrófica em nosso país. Dessa vez, lançaremos o novo Cadastro Nacional de Pescadores para filtrar e identificar possíveis fraudes no recebimento do seguro-defeso. @jorgeseif;;pic.twitter.com/qiCPTtRTYN;1368;7225;4076942;330;4261
25;4;2019;Jair M. Bolsonaro;Parabéns à Polícia Civil, PM e todos os envolvidos na Operação PC27 de todo o Brasil, que em operação conjunta, tirou de circulação quase 4 mil criminosos, incluindo menores, levando um alívio mínimo para os brasileiros que tanto sofrem com a violência. Grande dia!;;https://pbs.twimg.com/media/D4_pIl7W4AEd0ea.jpg;980;6098;4074827;330;4260
24;4;2019;Jair M. Bolsonaro;Sancionamos a lei que cria a Empresa Simples de Crédito. Uma novidade que fará a economia girar nos municípios, beneficiando os donos de pequenos negócios no Brasil e a empregabilidade na região! (Mais detalhes em @MinEconomia). Entenda:;;pic.twitter.com/hte5EPIkJR;996;4833;4073832;330;4259
24;4;2019;Jair M. Bolsonaro;FAKENEWS;;https://pbs.twimg.com/media/D49mYMnX4AEC-nd.jpg;708;3631;4073130;330;4258
24;4;2019;Jair M. Bolsonaro;Pronunciamento em rede nacional:;;pic.twitter.com/LZUhZeSHJQ;2037;10883;4073130;330;4258
24;4;2019;Jair M. Bolsonaro;- Meu muito obrigado ao Apóstolo Renê Terra Nova. - Parabéns pelos 20 anos do Congresso RESGATE DA NAÇÃO. - Jair Bolsonaro.;;pic.twitter.com/qEh6hZqX1B;779;5086;4072189;330;4258
21;4;2019;Jair M. Bolsonaro;A que ponto infelizmente chegará a Rede Globo?;;https://pbs.twimg.com/media/D4sbwWuWAAEl0Ds.jpg;618;3146;4050510;332;4227
21;4;2019;Jair M. Bolsonaro;Mesmo neste dia sagrado, o extremismo deixa rastros de morte e dor. Em nome dos brasileiros, condeno os ataques que deixaram centenas de vítimas no Sri Lanka, inclusive em igrejas, onde se celebrava a Ressurreição de Cristo. Que Deus possa confortar os que agora sofrem!;;;2062;13769;4049102;332;4223
21;4;2019;Jair M. Bolsonaro;Respeitando a aplicabilidade do dinheiro público, determinamos a revisão dos contratos vigentes e possibilidades futuras da Petrobras ligados ao setor que alguns dizem ser de cultura. A ordem é saber o que fazem com bilhões da população brasileira.;http://youtu.be/5kwurVd_31I;;1144;6649;4049102;332;4223
20;4;2019;Jair M. Bolsonaro;Uma voltinha de moto no Guarujá! Um forte abraço a todos!;;pic.twitter.com/29073MP6w4;722;4068;4046382;332;4224
20;4;2019;Jair M. Bolsonaro;Via @SF_Moro : Projeto de lei anticrime. Medidas simples e eficazes contra o crime. Ampliação do Banco Nacional de Perfis Genéticos, o que aumentará a taxa de resolução de investigação de qualquer crime, mas principalmente de crimes que deixam vestígios corporais.;;https://pbs.twimg.com/media/D4nu-s0WsAMoDX2.jpg;121;642;4045262;332;4227
20;4;2019;Jair M. Bolsonaro;"(Tradução) CASO BATTISTI, FILHO DE BOLSONARO: ""O BRASIL PEDE DESCULPAS À ITÁLIA"" @BolsonaroSP , no final de uma reunião com o vice-premier @matteosalvinimi , pediu desculpas em nome de sua nação à Itália... nossas relações são muito importantes "".";;https://pbs.twimg.com/media/D4lgGahXkAIExXs.jpg;145;1039;4042408;332;4224
19;4;2019;Jair M. Bolsonaro;O Centro de Integração Empresa Escola, é uma oportunidade para o ingresso de jovens no mercado de trabalho, gerando cerca de 470.000 aprendizes ativos. Neste ano a quantidade de vagas subiu 12% em relação a 2018, mostrando o crescimento da confiança do empreendedor no Brasil.;;pic.twitter.com/iFnr5bxoWG;879;5499;4041296;332;4224
19;4;2019;Jair M. Bolsonaro;Nova Previdência: quem ganha menos pagará menos e quem ganha mais pagará mais: use a calculadora que fará as contas para você entender de modo prático (via @MinEconomia ).;https://www.servicos.gov.br/calculadora/calcular/aliquota;;1436;7433;4040018;332;4228
19;4;2019;Jair M. Bolsonaro;O Ministério da Educação e o @mctic, lançaram o programa Ciência na Escola. Uma iniciativa dos dois ministérios para aprimorar o ensino de ciências nas escolas públicas de ensino fundamental e médio. Estimular nossos jovens na formação em áreas esquecidas.;https://tinyurl.com/y3o6yb22;;478;3058;4038943;332;4222
19;4;2019;Jair M. Bolsonaro;"""Ele mesmo levou em seu corpo os nossos pecados sobre o madeiro, a fim de que morrêssemos para os pecados e vivêssemos para a justiça, por suas feridas vocês foram curados."" 1 Pedro 2:24 Boa sexta-feita a todos!";;https://pbs.twimg.com/media/D4ho3MqW4AEc_h7.jpg;1569;7998;4037505;332;4226
18;4;2019;Jair M. Bolsonaro;"""Ensina a criança o caminho que deve andar e mesmo quando for velho, não se desviará dele"" (Provérbios 22:6). Vamos cuidar do futuro do Brasil! 🇧🇷";;pic.twitter.com/RFrWooMuoS;1208;7193;4034879;332;4225
18;4;2019;Jair M. Bolsonaro;Live de quinta-feira (18/04/2019) tratando de assuntos da semana. Assista no youtube como foi:;http://youtu.be/J9u1Cl49xlw;;489;2760;4034163;332;4223
18;4;2019;Jair M. Bolsonaro;Em SP, pudemos falar de alguns projetos em andamento sobre educação e a liberdade de imprensa, pilares fundamentais para a democracia.;http://youtu.be/xnsV2b_rct4;;656;4138;4033400;332;4222
18;4;2019;Jair M. Bolsonaro;Agradeço @bolsonarosp, que sempre ajudou a resgatar a confiança no Brasil mundo afora. O Presidente da Comissão de Relações Exteriores, foi recebido hj pelo premiê húngaro Viktor Orban, que colocou-se à disposição e dividiu experiências positivas de abertura econômica na Hungria;;https://pbs.twimg.com/media/D4dkRTmXoAYzJ-g.jpg;524;4024;4032827;332;4220
18;4;2019;Jair M. Bolsonaro;#tbt de pouco tempo atrás quando estive em SP:;;https://pbs.twimg.com/media/D4c-Z8SWAAA8O7A.jpg;419;3493;4031917;332;4221
18;4;2019;Jair M. Bolsonaro;Parabéns aos policiais pela luta diária e incessante em defesa dos bons cidadãos! Que atitudes como esta repercutam para sempre e o bom trabalho de todos seja devidamente reconhecido. RT @PMESP: Pais invadem batalhão com recém-nascido desfalecido nos braços, então PMs o fazem recobrar a consciência, convertendo desespero de mãe em choro de alegria. Veja mais:;"https://twitter.com/pmesp/status/1118258102179180544
https://bit.ly/2DiS2fR";pic.twitter.com/RhrjgFFcxb;1825;11623;4031600;332;4222
18;4;2019;Jair M. Bolsonaro;Ao contrário do terror espalhado por alguns sobre uma iminente explosão da violência após minha vitória nas eleições, um levantamento baseado em dados oficiais dos estados apontou queda de 25% dos assassinatos no Brasil no primeiro trimestre de 2019 em relação ao ano passado.;;https://pbs.twimg.com/media/D4ciCRiW4AA4kbw.jpg;972;4815;4031248;332;4221
18;4;2019;Jair M. Bolsonaro;Ministro Paulo Guedes conversa sobre a situação econômica do país com Heraldo Pereira e outros. Assista:;http://youtu.be/aIT2ubKoZIc;;998;5757;4030535;332;4218
17;4;2019;Jair M. Bolsonaro;BRASIL ACIMA DE TUDO... 🇧🇷;;https://pbs.twimg.com/media/D4X5dvnXsAEbpfE.jpg;1335;9993;4025984;332;4211
17;4;2019;Jair M. Bolsonaro;Ao lado dos alunos do Colégio Militar de Brasília e autoridades, participando da Cerimônia Comemorativa do Dia do Exército. Parabéns aos guardiões da pátria e de nossa democracia por este dia.;;https://pbs.twimg.com/media/D4XbxrgXkAEj0f7.jpg;1005;8392;4025327;332;4210
17;4;2019;Jair M. Bolsonaro;O Ministro da Cidadania, @OsmarTerra, esclarece na @redetv_news as proposições de mudanças na Lei Rouanet.;http://youtu.be/liPOo4kMSHI;;440;2714;4024445;332;4212
17;4;2019;Jair M. Bolsonaro;A equipe do Secretário de Aquicultura e Pesca, @jorgeseif ,organiza novo cadastro nacional de pescadores que deverá estar pronto até o fim de maio, feito a partir de auditorias para apurar o cadastro anterior e eliminar eventuais fraudes no pagamento do seguro-defeso.;;https://pbs.twimg.com/media/D4WKelxW0AACtMa.jpg;888;6488;4023093;332;4211
16;4;2019;Jair M. Bolsonaro;Mais cedo, anunciamos liberação de R$ 2 bilhões em recursos para restauração de estradas importantes do sistema logístico brasileiro e manutenção de vias. A ação é indispensável para recuperar da capacidade de nossa malha rodoviária e otimizar o sistema.;;;1223;8716;4020771;332;4209
16;4;2019;Jair M. Bolsonaro;Via @SF_Moro - entenda melhor o Pacote anti crime:;;https://pbs.twimg.com/media/D4TtHM1W4AEyp9T.jpg;770;3777;4019744;332;4211
16;4;2019;Jair M. Bolsonaro;Mais uma Fake News da Folha de São Paulo sendo desconstruída. Uma boa tarde a todos! 👍;;pic.twitter.com/70rw404vIL;1109;4191;4017932;332;4208
16;4;2019;Jair M. Bolsonaro;Acredito no Brasil e em suas instituições e respeito a autonomia dos poderes, como escrito em nossa Constituição. São princípios indispensáveis para uma democracia. Dito isso, minha posição sempre será favorável à liberdade de expressão, direito legítimo e inviolável.;;;3569;17433;4017560;332;4206
16;4;2019;Jair M. Bolsonaro;Via @Min_Agricultura / 3 assinaturas importantes para o agronegócio nas suas relações internacionais: abertura do mercado da Malásia e Cazaquistão para nossos bovinos vivos e acordo de equivalência de produtos orgânicos entre o Brasil e Chile. Saiba mais:;http://bit.ly/2Z5Y4tC;;263;1892;4015709;332;4203
16;4;2019;Jair M. Bolsonaro;O Ministro das Relações Exteriores, @ernestofaraujo ,formalizou saída da União das Nações Sul-Americanas (Unasul) e constituir o Fórum para o Progresso da América do Sul (Prosul). Fazendo parte do novo bloco Argentina, Brasil, Chile, Colômbia, Equador, Guiana, Paraguai e Peru.;;;356;2305;4014543;332;4202
15;4;2019;Jair M. Bolsonaro;Incra registra só 1 ocupação no 1º trimestre diante 43 ações no mesmo período de 2018. O MST está mais fraco pela facilitação da posse de armas, iniciativa que terá derivações pelo governo, falta de financiamento do setor público e de ONGs, algo que não ocorria nos governos do PT;;;2846;17406;4012385;332;4202
15;4;2019;Jair M. Bolsonaro;Em nome dos brasileiros, manifesto profundo pesar pelo terrível incêndio que assola um dos maiores símbolos da cultura e da espiritualidade cristã e ocidental, a catedral de Notre-Dame, em Paris. Neste momento sombrio, as nossas orações estão com o povo francês.;;;5532;44364;4012385;332;4202
15;4;2019;Jair M. Bolsonaro;Uma esclarecedora explicação sobre a Nova Previdência como primeiro passo para desencadearmos no Brasil a maior revolução econômica jamais vista em nossa história, desde a gerações de empregos com a confiabilidade do investidor até a redução de impostos.;http://youtu.be/HoDILzoDYx8;;3313;17787;4012385;332;4202
15;4;2019;Jair M. Bolsonaro;Cresceu o nº de viagens contratadas do Canadá e EUA com destino ao Brasil. Dos Estados Unidos, aumento de 53% para junho e 97% para julho em relação a 2018. Do Canadá, aumento de 86% para Junho, 54% para Julho e 135% para Agosto, meses posteriores à vigência da isenção de vistos.;;;4593;31334;4012385;332;4202
15;4;2019;Jair M. Bolsonaro;Em 2019, portos do Paraná reduziram em 46% o tempo médio que os navios esperam para atracar no cais. Leia a curta matéria e entenda o que isto significa: 👍🏻;;https://pbs.twimg.com/media/D4MdRI6WAAMk02A.jpg;2582;16790;4012385;332;4202
15;4;2019;Jair M. Bolsonaro;Em menos de dois anos, o governo federal deverá ter apenas um canal na internet, chamado . O Decreto presidencial 9.756/2019 estima a economia de R$100 milhões/ano, que são gastos apenas com a manutenção dos milhares de portais na rede.;http://GOV.BR;;6148;42129;4012385;332;4202
14;4;2019;Jair M. Bolsonaro;"- Quantos de nós pode andar na multidão com a cabeça erguida? - Quantos já disseram: ""Eu vencerei, do nada?""";http://youtu.be/7BUCLXWJBRU;;4619;36676;4012385;332;4202
14;4;2019;Jair M. Bolsonaro;Agora, em frente ao Palácio da Alvorada. Obrigado pela consideração!;;pic.twitter.com/3KTWfhQA2U;5271;40037;4012385;332;4202
14;4;2019;Jair M. Bolsonaro;Gigantesca economia, desburocratização e redução do poder de entidades aparelhadas politicamente usando nomes bonitos para impor suas vontades, ignorando a lei e atrapalhando propositalmente o desenvolvimento do Brasil, não se importando com as reais necessidades da população. RT @republica_ctba: Bolsonaro assina decreto que deve acabar com os “sovietes” do PT;"https://twitter.com/republica_ctba/status/1117099731623215104
https://republicadecuritiba.net/2019/04/13/bolsonaro-assina-decreto-que-deve-acabar-com-os-sovietes-do-pt/";;5068;29502;4012385;332;4202
14;4;2019;Jair M. Bolsonaro;Governo anuncia convocação de mais 1.000 policiais federais. O objetivo é compor gradativamente o quadro de inteligência, como no trabalho da Lava-Jato (combate à corrupção) e outros serviços de segurança nacional dentro do orçamento possível destes primeiros 100 dias de mandato.;;;7508;56226;4012385;332;4202
13;4;2019;Jair M. Bolsonaro;Andamento do início do Programa de Dessalinização da água no Nordeste com o Governo Bolsonaro. Trabalho oriundo de Israel com a iniciativa do @mctic via @Astro_Pontes .;http://youtu.be/P6SrllHVlZQ;;5384;31941;4012385;332;4202
13;4;2019;Jair M. Bolsonaro;Alia Al Mansoori, prodígio da ciência dos Emirados Árabes, com 16 anos, estuda para ir ao espaço daqui 15 anos sendo lançada por um foguete do Centro Espacial de Alcântara. Já venceu competição pela NASA e possui artigos publicados nas mais importantes revistas científicas.;;https://pbs.twimg.com/media/D4Dxi6nXoAA4dlz.jpg;6591;61261;4012385;332;4202
13;4;2019;Jair M. Bolsonaro;O Governo Federal trabalhando para concluir rodovias inacabadas e fazendo o seu serviço. Neste trecho são 34 km de duplicação da BR-101/AL.;;pic.twitter.com/8OIA6CKwuF;5608;32821;4012385;332;4202
13;4;2019;Jair M. Bolsonaro;🇧🇷👍🏻👉🏻👉🏻;;https://pbs.twimg.com/media/D4Ch3xTW0AEDc6p.jpg;3569;32450;4012385;332;4202
13;4;2019;Jair M. Bolsonaro;A Embrapa, em parceria com a Funai e outros órgãos de governos participam da inserção social indígena e a comunidade inteira ganha com isso. Chega de tratar nossos irmãos como animais de zoológico ou como massa de manobra política. Vamos adiante. Via Ministra @DamaresAlves;;pic.twitter.com/ZXqwRqrkxb;3918;23379;4012385;332;4202
12;4;2019;Jair M. Bolsonaro;REAJUSTE DO ÓLEO DIESEL: Ontem, às 19h40, fui informado sobre o aumento de 5,7% no óleo diesel. Liguei para o Presidente da Petrobrás preocupado com o percentual num nível sequer previsto para a taxa de inflação do corrente ano.;;;4824;40175;4012385;332;4202
12;4;2019;Jair M. Bolsonaro;"""O Exército é do povo, e não se pode acusar o povo de ser assassino... no Exército sempre tem um responsável..."" Com a internet e um celular, toda uma narrativa criada propositalmente para nos destruir é desmontada! Assista, saiba a verdade e tire suas conclusões, mais uma vez:";;pic.twitter.com/rwxm8DU3ee;9291;49660;4012385;332;4202
12;4;2019;Jair M. Bolsonaro;Hoje tive a satisfação de participar da inauguração do novo Terminal Internacional Aeroportuário de passageiros de Macapá, no Amapá, único estado que não pude visitar em minha campanha devido a facada quase fatal que sofri de um ex-integrante do PSOL, braço esquerdo do PT e PCdoB;;pic.twitter.com/Pp5HgWNs1e;5961;42620;4012385;332;4202
12;4;2019;Jair M. Bolsonaro;Secretário de aquicultura e pesca, @jorgeseif , ligado ao Ministério da Agricultura, explica seu interessante e importante trabalho que vem sendo desenvolvido frente à pasta que ocupa.;http://youtu.be/Ug_Zl2bL0bs;;2230;16534;4012385;332;4202
12;4;2019;Jair M. Bolsonaro;Parabenizo o líder do Governo, @MajorVitorHugo , pela vitória para os deputados junto à AGU. Sua gestão junto com ao Ministro conseguiu mudar o entendimento da liberação de recursos de emendas parlamentares OBRIGATÓRIAS que eram impedidas em caso de endividamento dos municípios.;;pic.twitter.com/Pk6JYv8uKv;3050;24872;4012385;332;4202
11;4;2019;Jair M. Bolsonaro;O decreto por mim assinado, que converte multas ambientais em medidas para recuperação do meio ambiente, permitirá agilizar a cobrança, além de prezar pela sustentabilidade. Mais uma missão cumprida em 100 dias de governo!;;;7004;58033;4012385;332;4202
11;4;2019;Jair M. Bolsonaro;MAIS UMA DAS LIVES DAS QUINTAS-FEIRAS COM O PRESIDENTE - 11/04/2019: mais algumas informações e realizações do nosso governo. Link no youtube:;http://youtu.be/xtyO5wr1b00;;2590;17469;4012385;332;4202
11;4;2019;Jair M. Bolsonaro;Daqui a pouco, às 19h, entrarei ao vivo pelo Facebook para, mais uma vez, levar a vocês algumas informações e realizações do nosso governo. Nos vemos lá! 👍🇧🇷;;;3453;32793;4012385;332;4202
11;4;2019;Jair M. Bolsonaro;A exemplo das economias mais avançadas, oficializamos hoje a proposta que consolida a autonomia do Banco Central, princípio importante que ajuda a fornecer estabilidade, eficiência e crescimento econômico. É mais um compromisso sendo cumprido!;;;4898;35109;4012385;332;4202
11;4;2019;Jair M. Bolsonaro;Hoje também assinei ato normativo para revogação de 250 decretos desnecessários, colocando em prática nosso compromisso de desburocratizar simplificar e desinchar o estado brasileiro, firmado em campanha. Vamos trabalhar para que o foco volte para o essencial em nossa sociedade.;;;7069;54389;4012385;332;4202
11;4;2019;Jair M. Bolsonaro;Oficializamos hoje, junto ao Ministério da Cidadania a criação do 13o salário para os beneficiários do Bolsa Família, recursos oriundos em sua esmagadora maioria de desvios e recebimentos indevidos. Grande dia! 👍🇧🇷;;;8358;55912;4012385;332;4202
11;4;2019;Jair M. Bolsonaro;Me solidarizo com o apresentador e comediante @DaniloGentili ao exercer seu direito de livre expressão e sua profissão, da qual, por vezes, eu mesmo sou alvo, mas compreendo que são piadas e faz parte do jogo, algo que infelizmente vale para uns e não para outros.;;;25066;173096;4012385;332;4202
11;4;2019;Jair M. Bolsonaro;Parabenizo @netanyahu pela grande vítoria e pela renovação de seu mandato como Primeiro Ministro de Israel. Bibi é um grande líder e seguiremos trabalhando juntos pela prosperidade e pela paz dos nossos povos, com base em nossos valores e convicções profundas.;;;4984;40059;4012385;332;4202
10;4;2019;Jair M. Bolsonaro;Em jantar com embaixadores de países islâmicos, dissemos que o governo está de braços abertos a todos. E esperamos que os laços comerciais se transformem cada vez mais em laços de amizade, de respeito e de fraternidade. Via @planalto;;pic.twitter.com/0bIYTms1Dz;4015;28160;4012385;332;4202
10;4;2019;Jair M. Bolsonaro;Este discurso você não assistirá na rede globo: Paulo Guedes explica os passos econômicos do governo Bolsonaro na Conferência Nacional de Prefeitos. Assista e entenda tudo, desde detalhes da Nova Previdência até concessões e gerações de empregos.;http://youtu.be/HoDILzoDYx8;;7896;37191;4012385;332;4202
10;4;2019;Jair M. Bolsonaro;Programa TechD destinará R$ 18 milhões para startups e grupos de pesquisa que buscam conectar universo empreendedor e o de pesquisa. Meta do programa é apoiar 30 projetos dos quais 14 devem ser das regiões Nordeste, Norte e Centro-Oeste.;;;4954;37421;4012385;332;4202
10;4;2019;Jair M. Bolsonaro;O @minsaude lança ação para ampliar horário de funcionamento das Unidades Básicas de Saúde.;;pic.twitter.com/zXjemzzfoZ;4322;26880;4012385;332;4202
10;4;2019;Jair M. Bolsonaro;O Hospital do Grupo de Assistência à Criança com Câncer recebe pacientes em várias fases do tratamento. É referência no atendimento de crianças e jovens entre 0 e 19 anos de toda região metropolitana do Vale do Paraíba, atendendo a população carente da região. @CAIXANoticias;;pic.twitter.com/mM3OLwIOSH;4207;29295;4012385;332;4202
9;4;2019;Jair M. Bolsonaro;"Paulo Guedes sobre reforma tributária: ""Vamos Baixar, simplificar e reduzir impostos para o Brasil crescer"". Trabalhamos para criação do Imposto Único Federal, mas precisamos da população ao nosso lado sem se deixar manipular por desinformações e “interesses” de terceiros!";;;12921;74547;4012385;332;4202
9;4;2019;Jair M. Bolsonaro;A @usina_itaipu gastou 45% a menos em passagens aéreas no primeiro trimestre de 2019, na comparação com igual período do ano passado. Não significam cifras gigantes mas sempre mostramos em qual direção queremos seguir: o enxugamento de gastos públicos.;;;6630;49106;4012385;332;4202
9;4;2019;Jair M. Bolsonaro;Sempre de coração aberto, desta vez falamos na Conferência Nacional de Municípios do Brasil.;http://youtu.be/QNuKT_AXmZQ;;3236;23321;4012385;332;4202
9;4;2019;Jair M. Bolsonaro;Nos próximos dias realizaremos um “Revogaço”, anulando centenas de decretos desnecessários que hoje só servem para dar volume ao nosso já inchado Estado e criar burocracias que só atrapalham. Daremos continuidade ao processo. Vamos desregulamentar e diminuir o excesso de regras!;;;10055;66106;4012385;332;4202
9;4;2019;Jair M. Bolsonaro;O governo do quinto maior país do mundo em pouco menos de 100 dias tem feito de tudo e fará muito mais para que a população sinta que está sendo atendida. Esta é a linha de nossos esforços. Assista o vídeo:;;pic.twitter.com/10wy7aCE1X;11262;56301;4012385;332;4202
8;4;2019;Jair M. Bolsonaro;08/04/2019 - Entrevista inédita cedida a @augustosnunes da Jovem Pan sobre temas atuais. Assista:;http://youtu.be/FSOAahACt_Y;;3844;23571;4012385;332;4202
8;4;2019;Jair M. Bolsonaro;Agradeço desde já pela honrosa homenagem!;;https://pbs.twimg.com/media/D3pxYY7WkAEeJJr.jpg;5524;39548;4012385;332;4202
8;4;2019;Jair M. Bolsonaro;Hoje, segunda-feira, às 18hs serei entrevistado por @augustosnunes , na Jovem Pan (TV JOVEM PAN).;;https://pbs.twimg.com/media/D3pT3jgXkAAWGO-.jpg;4197;30951;4012385;332;4202
8;4;2019;Jair M. Bolsonaro;Comunico a todos a indicação do Professor Abraham Weintraub ao cargo de Ministro da Educação. Abraham é doutor, professor universitário e possui ampla experiência em gestão e o conhecimento necessário para a pasta. Aproveito para agradecer ao Prof. Velez pelos serviços prestados.;;;9753;79660;4012385;332;4202
8;4;2019;Jair M. Bolsonaro;O alinhamento do Governo Bolsonaro com Israel teve algum impacto sobre as exportações com os árabés? o faturamento dos exportadores para o período foi o maior da história: R$ 2,3bilhões.;http://youtu.be/1O2ivSO1j_Y;;7499;47436;4012385;332;4202
7;4;2019;Jair M. Bolsonaro;👍🏻 RT @tarcisiogdf: Aviação civil já cresce acima de 6% comparada a 2018. Nos principais aeroportos, chegamos a níveis de 2011, auge do setor. Somos 5o mercado mundial, com potencial para 3o. Precisamos consolidar abertura de capital estrangeiro nas cias pra assegurar competição e equilibrar tarifas;https://twitter.com/tarcisiogdf/status/1114907589140258816;;3197;24877;4012385;332;4202
7;4;2019;Jair M. Bolsonaro;"Depois de o Datafolha publicar que ""Lula e Dilma são mais inteligentes do que Bolsonaro"", um pouco de como o povo me trata:";;pic.twitter.com/aOfzHM4PHR;11946;78421;4012385;332;4202
7;4;2019;Jair M. Bolsonaro;Kkkkkkkk;;https://pbs.twimg.com/media/D3jzMsiXoAI7FMt.jpg;9205;69894;4012385;332;4202
7;4;2019;Jair M. Bolsonaro;O @mdregional_br trabalha para o desenvolvimento sustentável na produção do cacau no Pará e na Bahia. Veja iniciativas interessantes junto de universidades e setores que desenvolvem trabalho nesta área. Analise as interessantes iniciativas e tire suas conclusões:;;https://pbs.twimg.com/media/D3jifwfWsAA4M_B.jpg;1903;13242;4012385;332;4202
6;4;2019;Jair M. Bolsonaro;A proposta da Indústria do cimento para a redução da emissão de carbono em quase 35% é discutida em Brasília. O ministro do @mmeioambiente , Ricardo Salles, participou do evento e defendeu a qualidade ambiental urbana no país. @TVNBR;;pic.twitter.com/4uIl6SNWOE;3420;25184;4012385;332;4202
6;4;2019;Jair M. Bolsonaro;Socialismo é para uma minoria de espertos viverem às custas do trabalho dos outros. De Cuba um brasileiro desafia os críticos do capitalismo a viverem com U$ 30 por mês.;http://youtu.be/Tk3VBRq4hQg;;7774;42763;4012385;332;4202
6;4;2019;Jair M. Bolsonaro;- O Colégio Militar de São Paulo começa a sair do papel. - Exército, Marinha, Aeronáutica e empresários de São Paulo, juntos na construção do CMSP.;;pic.twitter.com/TvO790g75d;7064;49234;4012385;332;4202
6;4;2019;Jair M. Bolsonaro;17 Conselhos da Pessoa Idosa receberam reforço para o trabalho. Kits com computadores, impressora e carro foram entregues aos municípios pelo Ministério da Mulher, da Família e dos Direitos Humanos nas regiões Norte, Nordeste, Sul e Sudeste. Mais faremos sempre! @DamaresAlves;;pic.twitter.com/83JgVVOq72;4324;28567;4012385;332;4202